{
  "logistic_regression": {
    "model_name": "Logistic Regression",
    "accuracy": 0.7482806052269602,
    "precision": 0.7520132240321102,
    "recall": 0.7482806052269602,
    "f1_score": 0.7495587583796826,
    "per_class": {
      "negative": {
        "precision": 0.6132075471698113,
        "recall": 0.7142857142857143,
        "f1": 0.6598984771573604,
        "support": 91
      },
      "neutral": {
        "precision": 0.830952380952381,
        "recall": 0.8078703703703703,
        "f1": 0.8192488262910798,
        "support": 432
      },
      "positive": {
        "precision": 0.6467661691542289,
        "recall": 0.6372549019607843,
        "f1": 0.6419753086419753,
        "support": 204
      }
    },
    "confusion_matrix": [
      [
        65,
        17,
        9
      ],
      [
        21,
        349,
        62
      ],
      [
        20,
        54,
        130
      ]
    ]
  },
  "random_forest": {
    "model_name": "Random Forest",
    "accuracy": 0.7427785419532325,
    "precision": 0.7400657571783901,
    "recall": 0.7427785419532325,
    "f1_score": 0.7248452896566228,
    "per_class": {
      "negative": {
        "precision": 0.686046511627907,
        "recall": 0.6483516483516484,
        "f1": 0.6666666666666666,
        "support": 91
      },
      "neutral": {
        "precision": 0.7538167938931297,
        "recall": 0.9143518518518519,
        "f1": 0.8263598326359832,
        "support": 432
      },
      "positive": {
        "precision": 0.7350427350427351,
        "recall": 0.4215686274509804,
        "f1": 0.5358255451713395,
        "support": 204
      }
    },
    "confusion_matrix": [
      [
        59,
        27,
        5
      ],
      [
        11,
        395,
        26
      ],
      [
        16,
        102,
        86
      ]
    ]
  },
  "xgboost": {
    "model_name": "XGBoost",
    "accuracy": 0.7441540577716643,
    "precision": 0.7420053013150705,
    "recall": 0.7441540577716643,
    "f1_score": 0.7422233308508838,
    "per_class": {
      "negative": {
        "precision": 0.62,
        "recall": 0.6813186813186813,
        "f1": 0.6492146596858639,
        "support": 91
      },
      "neutral": {
        "precision": 0.8067415730337079,
        "recall": 0.8310185185185185,
        "f1": 0.8187001140250855,
        "support": 432
      },
      "positive": {
        "precision": 0.6593406593406593,
        "recall": 0.5882352941176471,
        "f1": 0.6217616580310881,
        "support": 204
      }
    },
    "confusion_matrix": [
      [
        62,
        21,
        8
      ],
      [
        19,
        359,
        54
      ],
      [
        19,
        65,
        120
      ]
    ]
  },
  "svm": {
    "model_name": "SVM",
    "accuracy": 0.7565337001375516,
    "precision": 0.7514055281750346,
    "recall": 0.7565337001375516,
    "f1_score": 0.7471133781292342,
    "per_class": {
      "negative": {
        "precision": 0.7692307692307693,
        "recall": 0.5494505494505495,
        "f1": 0.6410256410256411,
        "support": 91
      },
      "neutral": {
        "precision": 0.7771084337349398,
        "recall": 0.8958333333333334,
        "f1": 0.832258064516129,
        "support": 432
      },
      "positive": {
        "precision": 0.6890243902439024,
        "recall": 0.553921568627451,
        "f1": 0.6141304347826086,
        "support": 204
      }
    },
    "confusion_matrix": [
      [
        50,
        31,
        10
      ],
      [
        4,
        387,
        41
      ],
      [
        11,
        80,
        113
      ]
    ]
  }
}